<?xml version="1.0" encoding="utf-8" ?>
<dwsync>
<file name="1.gif" server="D:/AppServ/www/diary/" local="129743554300000000" remote="129743554300000000" />
<file name="2.gif" server="D:/AppServ/www/diary/" local="129743554300000000" remote="129743554300000000" />
<file name="3.gif" server="D:/AppServ/www/diary/" local="129743554300000000" remote="129743554300000000" />
<file name="4.gif" server="D:/AppServ/www/diary/" local="129743554300000000" remote="129743554300000000" />
<file name="5.gif" server="D:/AppServ/www/diary/" local="129743554300000000" remote="129743554300000000" />
<file name="6.gif" server="D:/AppServ/www/diary/" local="129743554300000000" remote="129743554300000000" />
<file name="7.gif" server="D:/AppServ/www/diary/" local="129743554300000000" remote="129743554300000000" />
<file name="8.gif" server="D:/AppServ/www/diary/" local="129743554300000000" remote="129743554300000000" />
<file name="9.gif" server="D:/AppServ/www/diary/" local="129743554300000000" remote="129743554300000000" />
<file name="10.gif" server="D:/AppServ/www/diary/" local="129743554300000000" remote="129743554300000000" />
</dwsync>